datetime,humidity
2022-08-01 00:30:00,92.3529
2022-08-01 01:00:00,91.2467
2022-08-01 01:30:00,91.3256
2022-08-01 02:00:00,85.1161
2022-08-01 02:30:00,85.8465
2022-08-01 03:00:00,90.7102
2022-08-01 03:30:00,89.2213
2022-08-01 04:00:00,86.6848
2022-08-01 04:30:00,83.6051
2022-08-01 05:00:00,81.0031
2022-08-01 05:30:00,85.8119
2022-08-01 06:00:00,80.9063
2022-08-01 06:30:00,76.0019
2022-08-01 07:00:00,80.0611
2022-08-01 07:30:00,83.2056
2022-08-01 08:00:00,84.6436
2022-08-01 08:30:00,77.8693
2022-08-01 09:00:00,67.9096
2022-08-01 09:30:00,63.297
2022-08-01 10:00:00,65.2987
2022-08-01 10:30:00,63.02
2022-08-01 11:00:00,54.801
2022-08-01 11:30:00,49.9234
2022-08-01 12:00:00,47.5267
2022-08-01 12:30:00,46.3694
2022-08-01 13:00:00,44.5389
2022-08-01 13:30:00,44.5423
2022-08-01 14:00:00,41.7524
2022-08-01 14:30:00,40.7022
2022-08-01 15:00:00,42.3456
2022-08-01 15:30:00,42.5166
2022-08-01 16:00:00,44.0101
2022-08-01 16:30:00,48.3295
2022-08-01 17:00:00,53.1402
2022-08-01 17:30:00,60.3949
2022-08-01 18:00:00,64.9997
2022-08-01 18:30:00,71.6722
2022-08-01 19:00:00,79.8938
2022-08-01 19:30:00,84.6154
2022-08-01 20:00:00,87.5335
2022-08-01 20:30:00,88.6862
2022-08-01 21:00:00,91.2259
2022-08-01 21:30:00,92.7954
2022-08-01 22:00:00,91.8024
2022-08-01 22:30:00,92.685
2022-08-01 23:00:00,92.1571
2022-08-01 23:30:00,92.6319
2022-08-02 00:00:00,93.842
2022-08-02 00:30:00,94.0834
2022-08-02 01:00:00,94.933
2022-08-02 01:30:00,94.4174
2022-08-02 02:00:00,92.9161
2022-08-02 02:30:00,91.9989
2022-08-02 03:00:00,91.8246
2022-08-02 03:30:00,92.9254
2022-08-02 04:00:00,93.8878
2022-08-02 04:30:00,94.6096
2022-08-02 05:00:00,94.7909
2022-08-02 05:30:00,94.8209
2022-08-02 06:00:00,95.3789
2022-08-02 06:30:00,96.2544
2022-08-02 07:00:00,96.8298
2022-08-02 07:30:00,97.1233
2022-08-02 08:00:00,97.2738
2022-08-02 08:30:00,96.7303
2022-08-02 09:00:00,87.8083
2022-08-02 09:30:00,78.3489
2022-08-02 10:00:00,72.6375
2022-08-02 10:30:00,73.8794
2022-08-02 11:00:00,62.5049
2022-08-02 11:30:00,59.5113
2022-08-02 12:00:00,61.8735
2022-08-02 12:30:00,56.5123
2022-08-02 13:00:00,58.5092
2022-08-02 13:30:00,60.5228
2022-08-02 14:00:00,62.757
2022-08-02 14:30:00,60.7786
2022-08-02 15:00:00,60.6652
2022-08-02 15:30:00,60.2906
2022-08-02 16:00:00,63.8513
2022-08-02 16:30:00,67.6299
2022-08-02 17:00:00,69.838
2022-08-02 17:30:00,77.5826
2022-08-02 18:00:00,80.5329
2022-08-02 18:30:00,80.7404
2022-08-02 19:00:00,83.7269
2022-08-02 19:30:00,84.4957
2022-08-02 20:00:00,83.45
2022-08-02 20:30:00,83.691
2022-08-02 21:00:00,85.8302
2022-08-02 21:30:00,84.9353
2022-08-02 22:00:00,81.8636
2022-08-02 22:30:00,83.0186
2022-08-02 23:00:00,85.8054
2022-08-02 23:30:00,88.9427
2022-08-03 00:00:00,89.439
2022-08-03 00:30:00,89.5468
2022-08-03 01:00:00,91.9912
2022-08-03 01:30:00,94.1319
2022-08-03 02:00:00,95.6119
2022-08-03 02:30:00,95.6194
2022-08-03 03:00:00,89.1734
2022-08-03 03:30:00,87.8203
2022-08-03 04:00:00,85.9084
2022-08-03 04:30:00,87.268
2022-08-03 05:00:00,90.6616
2022-08-03 05:30:00,92.5873
2022-08-03 06:00:00,97.0242
2022-08-03 06:30:00,97.9732
2022-08-03 07:00:00,98.4934
2022-08-03 07:30:00,98.8309
2022-08-03 08:00:00,99.0637
2022-08-03 08:30:00,99.4469
2022-08-03 09:00:00,98.8094
2022-08-03 09:30:00,98.5376
2022-08-03 10:00:00,96.9784
2022-08-03 10:30:00,89.836
2022-08-03 11:00:00,76.0038
2022-08-03 11:30:00,69.6943
2022-08-03 12:00:00,69.0867
2022-08-03 12:30:00,64.0121
2022-08-03 13:00:00,60.6277
2022-08-03 13:30:00,55.6064
2022-08-03 14:00:00,55.4898
2022-08-03 14:30:00,53.3717
2022-08-03 15:00:00,58.8569
2022-08-03 15:30:00,44.7266
2022-08-03 16:00:00,42.9716
2022-08-03 16:30:00,48.5019
2022-08-03 17:00:00,54.1329
2022-08-03 17:30:00,57.6505
2022-08-03 18:00:00,63.4921
2022-08-03 18:30:00,67.5709
2022-08-03 19:00:00,70.4261
2022-08-03 19:30:00,70.5722
2022-08-03 20:00:00,71.657
2022-08-03 20:30:00,67.4033
2022-08-03 21:00:00,62.3106
2022-08-03 21:30:00,68.8845
2022-08-03 22:00:00,71.8723
2022-08-03 22:30:00,76.402
2022-08-03 23:00:00,79.0832
2022-08-03 23:30:00,84.4633
2022-08-04 00:00:00,78.8785
2022-08-04 00:30:00,84.0182
2022-08-04 01:00:00,74.9772
2022-08-04 01:30:00,72.5131
2022-08-04 02:00:00,73.4604
2022-08-04 02:30:00,78.1977
2022-08-04 03:00:00,85.8194
2022-08-04 03:30:00,87.0398
2022-08-04 04:00:00,89.7481
2022-08-04 04:30:00,90.4008
2022-08-04 05:00:00,92.8995
2022-08-04 05:30:00,93.9993
2022-08-04 06:00:00,94.1294
2022-08-04 06:30:00,94.5937
2022-08-04 07:00:00,95.7191
2022-08-04 07:30:00,96.0547
2022-08-04 08:00:00,94.9495
2022-08-04 08:30:00,90.0338
2022-08-04 09:00:00,79.9589
2022-08-04 09:30:00,69.9464
2022-08-04 10:00:00,61.2293
2022-08-04 10:30:00,56.0436
2022-08-04 11:00:00,52.7866
2022-08-04 11:30:00,49.9581
2022-08-04 12:00:00,52.9186
2022-08-04 12:30:00,54.4327
2022-08-04 13:00:00,58.3481
2022-08-04 13:30:00,54.4985
2022-08-04 14:00:00,40.7598
2022-08-04 14:30:00,38.1711
2022-08-04 15:00:00,56.8989
2022-08-04 15:30:00,65.6004
2022-08-04 16:00:00,65.8045
2022-08-04 16:30:00,66.0648
2022-08-04 17:00:00,65.5242
2022-08-04 17:30:00,64.8978
2022-08-04 18:00:00,73.6296
2022-08-04 18:30:00,75.8516
2022-08-04 19:00:00,76.3327
2022-08-04 19:30:00,79.2734
2022-08-04 20:00:00,84.9786
2022-08-04 20:30:00,86.2392
2022-08-04 21:00:00,89.3164
2022-08-04 21:30:00,90.7862
2022-08-04 22:00:00,92.2208
2022-08-04 22:30:00,92.9301
2022-08-04 23:00:00,93.8007
2022-08-04 23:30:00,94.5711
2022-08-05 00:00:00,93.7254
2022-08-05 00:30:00,94.2847
2022-08-05 01:00:00,94.664
2022-08-05 01:30:00,95.165
2022-08-05 02:00:00,96.041
2022-08-05 02:30:00,95.4757
2022-08-05 03:00:00,96.2487
2022-08-05 03:30:00,96.5484
2022-08-05 04:00:00,97.1044
2022-08-05 04:30:00,97.742
2022-08-05 05:00:00,97.6115
2022-08-05 05:30:00,97.8187
2022-08-05 06:00:00,98.2207
2022-08-05 06:30:00,100
2022-08-05 07:00:00,100
2022-08-05 07:30:00,100
2022-08-05 08:00:00,100
2022-08-05 08:30:00,97.2879
2022-08-05 09:00:00,79.9915
2022-08-05 09:30:00,70.1609
2022-08-05 10:00:00,72.7181
2022-08-05 10:30:00,74.7326
2022-08-05 11:00:00,76.9758
2022-08-05 11:30:00,76.4596
2022-08-05 12:00:00,73.3648
2022-08-05 12:30:00,72.4055
2022-08-05 13:00:00,62.9902
2022-08-05 13:30:00,63.8205
2022-08-05 14:00:00,64.3892
2022-08-05 14:30:00,56.0113
2022-08-05 15:00:00,57.968
2022-08-05 15:30:00,60.6145
2022-08-05 16:00:00,60.7673
2022-08-05 16:30:00,61.0626
2022-08-05 17:00:00,64.8219
2022-08-05 17:30:00,71.8152
2022-08-05 18:00:00,76.1091
2022-08-05 18:30:00,84.6791
2022-08-05 19:00:00,88.478
2022-08-05 19:30:00,90.1408
2022-08-05 20:00:00,92.1401
2022-08-05 20:30:00,94.2656
2022-08-05 21:00:00,95.3555
2022-08-05 21:30:00,95.772
2022-08-05 22:00:00,96.1101
2022-08-05 22:30:00,96.5076
2022-08-05 23:00:00,96.6968
2022-08-05 23:30:00,96.7903
2022-08-06 00:00:00,96.708
2022-08-06 00:30:00,96.4761
2022-08-06 01:00:00,96.6473
2022-08-06 01:30:00,95.8858
2022-08-06 02:00:00,95.2789
2022-08-06 02:30:00,95.4466
2022-08-06 03:00:00,95.3499
2022-08-06 03:30:00,95.7722
2022-08-06 04:00:00,95.9843
2022-08-06 04:30:00,96.565
2022-08-06 05:00:00,96.9266
2022-08-06 05:30:00,98.7331
2022-08-06 06:00:00,97.9124
2022-08-06 06:30:00,97.1453
2022-08-06 07:00:00,95.7489
2022-08-06 07:30:00,95.1206
2022-08-06 08:00:00,93.7764
2022-08-06 08:30:00,93.8318
2022-08-06 09:00:00,94.3285
2022-08-06 09:30:00,95.6647
2022-08-06 10:00:00,96.4551
2022-08-06 10:30:00,95.4988
2022-08-06 11:00:00,96.5408
2022-08-06 11:30:00,95.0714
2022-08-06 12:00:00,95.3133
2022-08-06 12:30:00,94.7368
2022-08-06 13:00:00,94.9314
2022-08-06 13:30:00,95.5287
2022-08-06 14:00:00,94.5576
2022-08-06 14:30:00,95.7554
2022-08-06 15:00:00,95.2603
2022-08-06 15:30:00,95.8253
2022-08-06 16:00:00,94.6878
2022-08-06 16:30:00,93.4038
2022-08-06 17:00:00,94.2609
2022-08-06 17:30:00,95.5948
2022-08-06 18:00:00,96.6679
2022-08-06 18:30:00,97.04
2022-08-06 19:00:00,97.8538
2022-08-06 19:30:00,99.0307
2022-08-06 20:00:00,99.1759
2022-08-06 20:30:00,99.2456
2022-08-06 21:00:00,98.8072
2022-08-06 21:30:00,97.7896
2022-08-06 22:00:00,98.8216
2022-08-06 22:30:00,99.045
2022-08-06 23:00:00,99.6043
2022-08-06 23:30:00,99.8094
2022-08-07 00:00:00,100
2022-08-07 00:30:00,100
2022-08-07 01:00:00,100
2022-08-07 01:30:00,100
2022-08-07 02:00:00,100
2022-08-07 02:30:00,100
2022-08-07 03:00:00,100
2022-08-07 03:30:00,100
2022-08-07 04:00:00,100
2022-08-07 04:30:00,100
2022-08-07 05:00:00,100
2022-08-07 05:30:00,100
2022-08-07 06:00:00,100
2022-08-07 06:30:00,100
2022-08-07 07:00:00,100
2022-08-07 07:30:00,100
2022-08-07 08:00:00,100
2022-08-07 08:30:00,100
2022-08-07 09:00:00,99.6288
2022-08-07 09:30:00,95.38
2022-08-07 10:00:00,74.3062
2022-08-07 10:30:00,68.3958
2022-08-07 11:00:00,68.7329
2022-08-07 11:30:00,63.6531
2022-08-07 12:00:00,64.7842
2022-08-07 12:30:00,58.5739
2022-08-07 13:00:00,64.4003
2022-08-07 13:30:00,57.464
2022-08-07 14:00:00,55.4865
2022-08-07 14:30:00,57.257
2022-08-07 15:00:00,66.1419
2022-08-07 15:30:00,62.4334
2022-08-07 16:00:00,64.822
2022-08-07 16:30:00,69.1948
2022-08-07 17:00:00,61.5092
2022-08-07 17:30:00,64.2604
2022-08-07 18:00:00,74.488
2022-08-07 18:30:00,75.5661
2022-08-07 19:00:00,79.9912
2022-08-07 19:30:00,82.2742
2022-08-07 20:00:00,85.5889
2022-08-07 20:30:00,86.6303
2022-08-07 21:00:00,83.96
2022-08-07 21:30:00,83.4792
2022-08-07 22:00:00,86.6264
2022-08-07 22:30:00,87.1922
2022-08-07 23:00:00,92.174
2022-08-07 23:30:00,93.6852
2022-08-08 00:00:00,95.6831
2022-08-08 00:30:00,91.8034
2022-08-08 01:00:00,88.1451
2022-08-08 01:30:00,88.4573
2022-08-08 02:00:00,89.9966
2022-08-08 02:30:00,92.8489
2022-08-08 03:00:00,91.1518
2022-08-08 03:30:00,91.0028
2022-08-08 04:00:00,91.6465
2022-08-08 04:30:00,90.6039
2022-08-08 05:00:00,90.9337
2022-08-08 05:30:00,93.2359
2022-08-08 06:00:00,91.7047
2022-08-08 06:30:00,93.0599
2022-08-08 07:00:00,94.2229
2022-08-08 07:30:00,93.804
2022-08-08 08:00:00,91.5239
2022-08-08 08:30:00,90.7688
2022-08-08 09:00:00,87.6439
2022-08-08 09:30:00,81.7306
2022-08-08 10:00:00,80.6216
2022-08-08 10:30:00,76.2357
2022-08-08 11:00:00,57.0935
2022-08-08 11:30:00,59.2168
2022-08-08 12:00:00,50.4783
2022-08-08 12:30:00,48.3291
2022-08-08 13:00:00,45.5253
2022-08-08 13:30:00,43.5215
2022-08-08 14:00:00,43.2735
2022-08-08 14:30:00,42.9274
2022-08-08 15:00:00,43.7519
2022-08-08 15:30:00,45.438
2022-08-08 16:00:00,46.6442
2022-08-08 16:30:00,47.7902
2022-08-08 17:00:00,46.8369
2022-08-08 17:30:00,46.5291
2022-08-08 18:00:00,47.6686
2022-08-08 18:30:00,47.3636
2022-08-08 19:00:00,46.4944
2022-08-08 19:30:00,48.4853
2022-08-08 20:00:00,48.4881
2022-08-08 20:30:00,48.4769
2022-08-08 21:00:00,46.5184
2022-08-08 21:30:00,45.1866
2022-08-08 22:00:00,46.9807
2022-08-08 22:30:00,56.65
2022-08-08 23:00:00,58.8855
2022-08-08 23:30:00,63.1636
2022-08-09 00:00:00,61.4035
2022-08-09 00:30:00,60.7219
2022-08-09 01:00:00,64.8439
2022-08-09 01:30:00,66.8316
2022-08-09 02:00:00,68.0816
2022-08-09 02:30:00,60.9406
2022-08-09 03:00:00,66.7765
2022-08-09 03:30:00,67.5252
2022-08-09 04:00:00,76.5469
2022-08-09 04:30:00,76.8072
2022-08-09 05:00:00,71.4561
2022-08-09 05:30:00,61.7338
2022-08-09 06:00:00,67.9799
2022-08-09 06:30:00,66.774
2022-08-09 07:00:00,70.7074
2022-08-09 07:30:00,70.0244
2022-08-09 08:00:00,65.4106
2022-08-09 08:30:00,65.5459
2022-08-09 09:00:00,56.5341
2022-08-09 09:30:00,58.3417
2022-08-09 10:00:00,56.4823
2022-08-09 10:30:00,53.0339
2022-08-09 11:00:00,49.2413
2022-08-09 11:30:00,47.8357
2022-08-09 12:00:00,46.833
2022-08-09 12:30:00,40.9059
2022-08-09 13:00:00,41.7887
2022-08-09 13:30:00,41.5033
2022-08-09 14:00:00,39.0073
2022-08-09 14:30:00,39.9107
2022-08-09 15:00:00,39.265
2022-08-09 15:30:00,40.3867
2022-08-09 16:00:00,41.1584
2022-08-09 16:30:00,42.8903
2022-08-09 17:00:00,44.3371
2022-08-09 17:30:00,47.1544
2022-08-09 18:00:00,49.0031
2022-08-09 18:30:00,48.8858
2022-08-09 19:00:00,49.7195
2022-08-09 19:30:00,59.7929
2022-08-09 20:00:00,59.3364
2022-08-09 20:30:00,66.2579
2022-08-09 21:00:00,72.2607
2022-08-09 21:30:00,76.1382
2022-08-09 22:00:00,77.9389
2022-08-09 22:30:00,76.3272
2022-08-09 23:00:00,80.3339
2022-08-09 23:30:00,82.9837
2022-08-10 00:00:00,84.6908
2022-08-10 00:30:00,86.591
2022-08-10 01:00:00,85.9367
2022-08-10 01:30:00,86.6135
2022-08-10 02:00:00,88.1812
2022-08-10 02:30:00,88.6883
2022-08-10 03:00:00,86.3061
2022-08-10 03:30:00,85.7471
2022-08-10 04:00:00,86.8448
2022-08-10 04:30:00,88.4066
2022-08-10 05:00:00,88.475
2022-08-10 05:30:00,89.9044
2022-08-10 06:00:00,91.9851
2022-08-10 06:30:00,92.7594
2022-08-10 07:00:00,93.3207
2022-08-10 07:30:00,92.5347
2022-08-10 08:00:00,84.051
2022-08-10 08:30:00,68.1983
2022-08-10 09:00:00,61.789
2022-08-10 09:30:00,52.4276
2022-08-10 10:00:00,49.9673
2022-08-10 10:30:00,45.0265
2022-08-10 11:00:00,43.5565
2022-08-10 11:30:00,42.8367
2022-08-10 12:00:00,42.065
2022-08-10 12:30:00,40.3746
2022-08-10 13:00:00,43.258
2022-08-10 13:30:00,45.8628
2022-08-10 14:00:00,42.2566
2022-08-10 14:30:00,47.5302
2022-08-10 15:00:00,42.8497
2022-08-10 15:30:00,42.0978
2022-08-10 16:00:00,44.9307
2022-08-10 16:30:00,40.9417
2022-08-10 17:00:00,45.6928
2022-08-10 17:30:00,54.2063
2022-08-10 18:00:00,58.3866
2022-08-10 18:30:00,64.6499
2022-08-10 19:00:00,72.4991
2022-08-10 19:30:00,77.5099
2022-08-10 20:00:00,81.7711
2022-08-10 20:30:00,85.5864
2022-08-10 21:00:00,87.3268
2022-08-10 21:30:00,88.6392
2022-08-10 22:00:00,85.1555
2022-08-10 22:30:00,84.8772
2022-08-10 23:00:00,86.4008
2022-08-10 23:30:00,87.5394
2022-08-11 00:00:00,90.232
2022-08-11 00:30:00,91.8404
2022-08-11 01:00:00,92.2197
2022-08-11 01:30:00,90.4994
2022-08-11 02:00:00,91.152
2022-08-11 02:30:00,92.1399
2022-08-11 03:00:00,93.404
2022-08-11 03:30:00,93.8157
2022-08-11 04:00:00,94.7235
2022-08-11 04:30:00,95.6436
2022-08-11 05:00:00,96.1324
2022-08-11 05:30:00,96.4798
2022-08-11 06:00:00,96.7958
2022-08-11 06:30:00,97.0439
2022-08-11 07:00:00,97.2186
2022-08-11 07:30:00,100
2022-08-11 08:00:00,97.2136
2022-08-11 08:30:00,83.5988
2022-08-11 09:00:00,73.66
2022-08-11 09:30:00,69.4939
2022-08-11 10:00:00,62.7119
2022-08-11 10:30:00,57.4992
2022-08-11 11:00:00,53.4785
2022-08-11 11:30:00,54.3979
2022-08-11 12:00:00,43.9027
2022-08-11 12:30:00,45.2846
2022-08-11 13:00:00,42.8212
2022-08-11 13:30:00,43.5137
2022-08-11 14:00:00,44.4808
2022-08-11 14:30:00,44.5612
2022-08-11 15:00:00,43.8605
2022-08-11 15:30:00,40.8732
2022-08-11 16:00:00,39.4705
2022-08-11 16:30:00,40.5651
2022-08-11 17:00:00,40.2102
2022-08-11 17:30:00,46.1995
2022-08-11 18:00:00,57.8697
2022-08-11 18:30:00,63.367
2022-08-11 19:00:00,63.9535
2022-08-11 19:30:00,69.0825
2022-08-11 20:00:00,70.6088
2022-08-11 20:30:00,75.8399
2022-08-11 21:00:00,79.5928
2022-08-11 21:30:00,80.631
2022-08-11 22:00:00,82.1211
2022-08-11 22:30:00,84.0956
2022-08-11 23:00:00,87.2397
2022-08-11 23:30:00,88.5788
2022-08-12 00:00:00,89.3436
2022-08-12 00:30:00,90.1172
2022-08-12 01:00:00,90.7846
2022-08-12 01:30:00,90.7061
2022-08-12 02:00:00,91.6922
2022-08-12 02:30:00,91.7442
2022-08-12 03:00:00,92.6447
2022-08-12 03:30:00,93.2403
2022-08-12 04:00:00,93.486
2022-08-12 04:30:00,93.0991
2022-08-12 05:00:00,92.7393
2022-08-12 05:30:00,91.5715
2022-08-12 06:00:00,89.0518
2022-08-12 06:30:00,89.0654
2022-08-12 07:00:00,88.2219
2022-08-12 07:30:00,87.0971
2022-08-12 08:00:00,82.5547
2022-08-12 08:30:00,79.7697
2022-08-12 09:00:00,74.3463
2022-08-12 09:30:00,69.996
2022-08-12 10:00:00,66.0853
2022-08-12 10:30:00,64.9716
2022-08-12 11:00:00,63.6757
2022-08-12 11:30:00,64.625
2022-08-12 12:00:00,63.7381
2022-08-12 12:30:00,57.5143
2022-08-12 13:00:00,58.634
2022-08-12 13:30:00,55.4846
2022-08-12 14:00:00,55.9076
2022-08-12 14:30:00,59.1632
2022-08-12 15:00:00,51.1924
2022-08-12 15:30:00,53.1612
2022-08-12 16:00:00,56.13
2022-08-12 16:30:00,57.8489
2022-08-12 17:00:00,64.5354
2022-08-12 17:30:00,71.9382
2022-08-12 18:00:00,77.4853
2022-08-12 18:30:00,83.1361
2022-08-12 19:00:00,86.8491
2022-08-12 19:30:00,89.6862
2022-08-12 20:00:00,90.8877
2022-08-12 20:30:00,91.6905
2022-08-12 21:00:00,92.2441
2022-08-12 21:30:00,93.0811
2022-08-12 22:00:00,94.0858
2022-08-12 22:30:00,94.0175
2022-08-12 23:00:00,94.3754
2022-08-12 23:30:00,93.2945
2022-08-13 00:00:00,93.8428
2022-08-13 00:30:00,94.984
2022-08-13 01:00:00,95.9319
2022-08-13 01:30:00,96.573
2022-08-13 02:00:00,97.025
2022-08-13 02:30:00,96.9795
2022-08-13 03:00:00,97.1072
2022-08-13 03:30:00,97.1009
2022-08-13 04:00:00,96.5229
2022-08-13 04:30:00,96.6408
2022-08-13 05:00:00,97.2248
2022-08-13 05:30:00,97.4421
2022-08-13 06:00:00,97.721
2022-08-13 06:30:00,100
2022-08-13 07:00:00,100
2022-08-13 07:30:00,100
2022-08-13 08:00:00,98.1583
2022-08-13 08:30:00,90.6437
2022-08-13 09:00:00,76.1466
2022-08-13 09:30:00,66.4756
2022-08-13 10:00:00,60.7549
2022-08-13 10:30:00,61.8852
2022-08-13 11:00:00,59.1225
2022-08-13 11:30:00,55.3165
2022-08-13 12:00:00,59.0406
2022-08-13 12:30:00,57.0261
2022-08-13 13:00:00,60.9595
2022-08-13 13:30:00,56.3765
2022-08-13 14:00:00,54.7776
2022-08-13 14:30:00,55.8234
2022-08-13 15:00:00,55.0288
2022-08-13 15:30:00,54.0161
2022-08-13 16:00:00,59.8639
2022-08-13 16:30:00,62.8039
2022-08-13 17:00:00,65.414
2022-08-13 17:30:00,73.7517
2022-08-13 18:00:00,77.3072
2022-08-13 18:30:00,83.5694
2022-08-13 19:00:00,86.6089
2022-08-13 19:30:00,88.2318
2022-08-13 20:00:00,90.4637
2022-08-13 20:30:00,91.6809
2022-08-13 21:00:00,91.0302
2022-08-13 21:30:00,91.4534
2022-08-13 22:00:00,90.9721
2022-08-13 22:30:00,91.3104
2022-08-13 23:00:00,92.3655
2022-08-13 23:30:00,92.9619
2022-08-14 00:00:00,93.3511
2022-08-14 00:30:00,93.3268
2022-08-14 01:00:00,92.8719
2022-08-14 01:30:00,93.5825
2022-08-14 02:00:00,93.8223
2022-08-14 02:30:00,94.8571
2022-08-14 03:00:00,95.5074
2022-08-14 03:30:00,95.6878
2022-08-14 04:00:00,96.5395
2022-08-14 04:30:00,96.323
2022-08-14 05:00:00,95.7081
2022-08-14 05:30:00,95.5922
2022-08-14 06:00:00,96.2929
2022-08-14 06:30:00,96.8417
2022-08-14 07:00:00,97.3353
2022-08-14 07:30:00,97.6339
2022-08-14 08:00:00,96.9594
2022-08-14 08:30:00,89.183
2022-08-14 09:00:00,78.8126
2022-08-14 09:30:00,78.1043
2022-08-14 10:00:00,71.1492
2022-08-14 10:30:00,66.8466
2022-08-14 11:00:00,60.036
2022-08-14 11:30:00,55.3445
2022-08-14 12:00:00,54.5571
2022-08-14 12:30:00,54.7394
2022-08-14 13:00:00,54.0224
2022-08-14 13:30:00,53.6263
2022-08-14 14:00:00,54.9313
2022-08-14 14:30:00,56.5359
2022-08-14 15:00:00,59.3385
2022-08-14 15:30:00,59.441
2022-08-14 16:00:00,62.4864
2022-08-14 16:30:00,60.8645
2022-08-14 17:00:00,61.0844
2022-08-14 17:30:00,65.0413
2022-08-14 18:00:00,74.9457
2022-08-14 18:30:00,80.3407
2022-08-14 19:00:00,84.2958
2022-08-14 19:30:00,87.0161
2022-08-14 20:00:00,89.6921
2022-08-14 20:30:00,90.7505
2022-08-14 21:00:00,90.4341
2022-08-14 21:30:00,91.6056
2022-08-14 22:00:00,92.5694
2022-08-14 22:30:00,93.4851
2022-08-14 23:00:00,94.6375
2022-08-14 23:30:00,94.7436
2022-08-15 00:00:00,95.2425
2022-08-15 00:30:00,95.8169
2022-08-15 01:00:00,95.0029
2022-08-15 01:30:00,95.226
2022-08-15 02:00:00,95.8294
2022-08-15 02:30:00,96.2598
2022-08-15 03:00:00,96.5763
2022-08-15 03:30:00,96.8194
2022-08-15 04:00:00,97.1731
2022-08-15 04:30:00,96.9978
2022-08-15 05:00:00,97.3234
2022-08-15 05:30:00,97.3684
2022-08-15 06:00:00,97.6487
2022-08-15 06:30:00,97.8384
2022-08-15 07:00:00,97.9007
2022-08-15 07:30:00,97.654
2022-08-15 08:00:00,97.56
2022-08-15 08:30:00,96.9312
2022-08-15 09:00:00,93.9608
2022-08-15 09:30:00,87.1071
2022-08-15 10:00:00,81.6513
2022-08-15 10:30:00,76.0015
2022-08-15 11:00:00,73.7637
2022-08-15 11:30:00,68.1036
2022-08-15 12:00:00,65.7518
2022-08-15 12:30:00,56.5637
2022-08-15 13:00:00,58.8903
2022-08-15 13:30:00,56.8163
2022-08-15 14:00:00,58.8973
2022-08-15 14:30:00,61.6918
2022-08-15 15:00:00,71.2107
2022-08-15 15:30:00,81.4301
2022-08-15 16:00:00,78.0565
2022-08-15 16:30:00,77.4451
2022-08-15 17:00:00,78.3386
2022-08-15 17:30:00,81.8491
2022-08-15 18:00:00,84.8669
2022-08-15 18:30:00,86.7338
2022-08-15 19:00:00,88.5572
2022-08-15 19:30:00,90.4142
2022-08-15 20:00:00,91.9584
2022-08-15 20:30:00,92.3107
2022-08-15 21:00:00,92.5453
2022-08-15 21:30:00,93.0825
2022-08-15 22:00:00,94.1145
2022-08-15 22:30:00,94.8978
2022-08-15 23:00:00,94.9795
2022-08-15 23:30:00,94.8802
2022-08-16 00:00:00,94.7268
2022-08-16 00:30:00,94.2523
2022-08-16 01:00:00,93.7194
2022-08-16 01:30:00,92.9517
2022-08-16 02:00:00,92.9829
2022-08-16 02:30:00,93.5271
2022-08-16 03:00:00,93.2592
2022-08-16 03:30:00,94.2412
2022-08-16 04:00:00,95.2759
2022-08-16 04:30:00,96.316
2022-08-16 05:00:00,97.2269
2022-08-16 05:30:00,97.718
2022-08-16 06:00:00,98.1144
2022-08-16 06:30:00,98.6057
2022-08-16 07:00:00,98.7724
2022-08-16 07:30:00,99.1892
2022-08-16 08:00:00,99.5546
2022-08-16 08:30:00,100
2022-08-16 09:00:00,100
2022-08-16 09:30:00,100
2022-08-16 10:00:00,100
2022-08-16 10:30:00,100
2022-08-16 11:00:00,100
2022-08-16 11:30:00,100
2022-08-16 12:00:00,100
2022-08-16 12:30:00,98.825
2022-08-16 13:00:00,93.6486
2022-08-16 13:30:00,92.3085
2022-08-16 14:00:00,94.9789
2022-08-16 14:30:00,92.4236
2022-08-16 15:00:00,88.449
2022-08-16 15:30:00,89.8461
2022-08-16 16:00:00,89.3764
2022-08-16 16:30:00,88.1444
2022-08-16 17:00:00,87.1773
2022-08-16 17:30:00,86.3284
2022-08-16 18:00:00,87.5501
2022-08-16 18:30:00,84.7428
2022-08-16 19:00:00,84.6899
2022-08-16 19:30:00,82.71
2022-08-16 20:00:00,78.5759
2022-08-16 20:30:00,76.8721
2022-08-16 21:00:00,79.9342
2022-08-16 21:30:00,80.2131
2022-08-16 22:00:00,79.083
2022-08-16 22:30:00,91.448
2022-08-16 23:00:00,91.5451
2022-08-16 23:30:00,90.213
2022-08-17 00:00:00,92.9361
2022-08-17 00:30:00,94.7001
2022-08-17 01:00:00,93.0933
2022-08-17 01:30:00,91.7126
2022-08-17 02:00:00,93.5953
2022-08-17 02:30:00,92.3551
2022-08-17 03:00:00,89.4073
2022-08-17 03:30:00,92.441
2022-08-17 04:00:00,94.0373
2022-08-17 04:30:00,94.2162
2022-08-17 05:00:00,93.3005
2022-08-17 05:30:00,92.7775
2022-08-17 06:00:00,94.9467
2022-08-17 06:30:00,95.4758
2022-08-17 07:00:00,96.5305
2022-08-17 07:30:00,95.9313
2022-08-17 08:00:00,97.1674
2022-08-17 08:30:00,97.3942
2022-08-17 09:00:00,97.9554
2022-08-17 09:30:00,99.1331
2022-08-17 10:00:00,99.8573
2022-08-17 10:30:00,100
2022-08-17 11:00:00,100
2022-08-17 11:30:00,100
2022-08-17 12:00:00,100
2022-08-17 12:30:00,100
2022-08-17 13:00:00,100
2022-08-17 13:30:00,99.8706
2022-08-17 14:00:00,98.9625
2022-08-17 14:30:00,97.4021
2022-08-17 15:00:00,96.7472
2022-08-17 15:30:00,97.0705
2022-08-17 16:00:00,97.1084
2022-08-17 16:30:00,96.4387
2022-08-17 17:00:00,97.1289
2022-08-17 17:30:00,98.4035
2022-08-17 18:00:00,98.6422
2022-08-17 18:30:00,99.0642
2022-08-17 19:00:00,99.0701
2022-08-17 19:30:00,99.0701
2022-08-17 20:00:00,99.3669
2022-08-17 20:30:00,99.9544
2022-08-17 21:00:00,100
2022-08-17 21:30:00,100
2022-08-17 22:00:00,100
2022-08-17 22:30:00,100
2022-08-17 23:00:00,99.8706
2022-08-17 23:30:00,97.5505
2022-08-18 00:00:00,96.2516
2022-08-18 00:30:00,96.8401
2022-08-18 01:00:00,94.5438
2022-08-18 01:30:00,93.6605
2022-08-18 02:00:00,92.5951
2022-08-18 02:30:00,91.8866
2022-08-18 03:00:00,92.8263
2022-08-18 03:30:00,95.2056
2022-08-18 04:00:00,97.0663
2022-08-18 04:30:00,98.1385
2022-08-18 05:00:00,98.6183
2022-08-18 05:30:00,98.5805
2022-08-18 06:00:00,98.935
2022-08-18 06:30:00,99.543
2022-08-18 07:00:00,99.4911
2022-08-18 07:30:00,99.2593
2022-08-18 08:00:00,97.8476
2022-08-18 08:30:00,96.9068
2022-08-18 09:00:00,98.0106
2022-08-18 09:30:00,99.1525
2022-08-18 10:00:00,99.7324
2022-08-18 10:30:00,100
2022-08-18 11:00:00,99.684
2022-08-18 11:30:00,99.0313
2022-08-18 12:00:00,98.3578
2022-08-18 12:30:00,97.6577
2022-08-18 13:00:00,97.8823
2022-08-18 13:30:00,98.3138
2022-08-18 14:00:00,99.1357
2022-08-18 14:30:00,99.6224
2022-08-18 15:00:00,99.9693
2022-08-18 15:30:00,100
2022-08-18 16:00:00,100
2022-08-18 16:30:00,100
2022-08-18 17:00:00,100
2022-08-18 17:30:00,100
2022-08-18 18:00:00,100
2022-08-18 18:30:00,100
2022-08-18 19:00:00,99.1602
2022-08-18 19:30:00,97.5671
2022-08-18 20:00:00,97.0245
2022-08-18 20:30:00,96.9429
2022-08-18 21:00:00,97.2553
2022-08-18 21:30:00,98.0981
2022-08-18 22:00:00,98.7803
2022-08-18 22:30:00,98.926
2022-08-18 23:00:00,99.1096
2022-08-18 23:30:00,99.0776
2022-08-19 00:00:00,99.5964
2022-08-19 00:30:00,99.742
2022-08-19 01:00:00,100
2022-08-19 01:30:00,100
2022-08-19 02:00:00,100
2022-08-19 02:30:00,100
2022-08-19 03:00:00,100
2022-08-19 03:30:00,100
2022-08-19 04:00:00,100
2022-08-19 04:30:00,100
2022-08-19 05:00:00,100
2022-08-19 05:30:00,100
2022-08-19 06:00:00,100
2022-08-19 06:30:00,100
2022-08-19 07:00:00,100
2022-08-19 07:30:00,100
2022-08-19 08:00:00,100
2022-08-19 08:30:00,100
2022-08-19 09:00:00,100
2022-08-19 09:30:00,100
2022-08-19 10:00:00,100
2022-08-19 10:30:00,100
2022-08-19 11:00:00,100
2022-08-19 11:30:00,100
2022-08-19 12:00:00,100
2022-08-19 12:30:00,100
2022-08-19 13:00:00,100
2022-08-19 13:30:00,100
2022-08-19 14:00:00,100
2022-08-19 14:30:00,100
2022-08-19 15:00:00,100
2022-08-19 15:30:00,100
2022-08-19 16:00:00,100
2022-08-19 16:30:00,99.9702
2022-08-19 17:00:00,100
2022-08-19 17:30:00,100
2022-08-19 18:00:00,99.8348
2022-08-19 18:30:00,99.773
2022-08-19 19:00:00,100
2022-08-19 19:30:00,100
2022-08-19 20:00:00,100
2022-08-19 20:30:00,100
2022-08-19 21:00:00,100
2022-08-19 21:30:00,100
2022-08-19 22:00:00,100
2022-08-19 22:30:00,100
2022-08-19 23:00:00,100
2022-08-19 23:30:00,100
2022-08-20 00:00:00,100
2022-08-20 00:30:00,100
2022-08-20 01:00:00,100
2022-08-20 01:30:00,100
2022-08-20 02:00:00,100
2022-08-20 02:30:00,100
2022-08-20 03:00:00,100
2022-08-20 03:30:00,100
2022-08-20 04:00:00,100
2022-08-20 04:30:00,100
2022-08-20 05:00:00,100
2022-08-20 05:30:00,100
2022-08-20 06:00:00,100
2022-08-20 06:30:00,100
2022-08-20 07:00:00,100
2022-08-20 07:30:00,100
2022-08-20 08:00:00,100
2022-08-20 08:30:00,100
2022-08-20 09:00:00,100
2022-08-20 09:30:00,100
2022-08-20 10:00:00,100
2022-08-20 10:30:00,92.7208
2022-08-20 11:00:00,87.2848
2022-08-20 11:30:00,84.6109
2022-08-20 12:00:00,81.7178
2022-08-20 12:30:00,85.3232
2022-08-20 13:00:00,85.5078
2022-08-20 13:30:00,86.6186
2022-08-20 14:00:00,82.6641
2022-08-20 14:30:00,82.4742
2022-08-20 15:00:00,85.0397
2022-08-20 15:30:00,87.331
2022-08-20 16:00:00,86.112
2022-08-20 16:30:00,86.4
2022-08-20 17:00:00,85.1865
2022-08-20 17:30:00,86.2074
2022-08-20 18:00:00,89.6741
2022-08-20 18:30:00,92.9145
2022-08-20 19:00:00,93.9032
2022-08-20 19:30:00,95.9126
2022-08-20 20:00:00,97.6762
2022-08-20 20:30:00,98.1183
2022-08-20 21:00:00,99.1852
2022-08-20 21:30:00,99.9292
2022-08-20 22:00:00,99.1599
2022-08-20 22:30:00,97.5177
2022-08-20 23:00:00,97.0758
2022-08-20 23:30:00,97.7188
2022-08-21 00:00:00,98.941
2022-08-21 00:30:00,99.2029
2022-08-21 01:00:00,99.9909
2022-08-21 01:30:00,99.9571
2022-08-21 02:00:00,100
2022-08-21 02:30:00,100
2022-08-21 03:00:00,100
2022-08-21 03:30:00,100
2022-08-21 04:00:00,100
2022-08-21 04:30:00,100
2022-08-21 05:00:00,100
2022-08-21 05:30:00,100
2022-08-21 06:00:00,100
2022-08-21 06:30:00,98.934
2022-08-21 07:00:00,98.2394
2022-08-21 07:30:00,98.329
2022-08-21 08:00:00,97.0234
2022-08-21 08:30:00,93.7298
2022-08-21 09:00:00,93.2731
2022-08-21 09:30:00,92.851
2022-08-21 10:00:00,87.1894
2022-08-21 10:30:00,88.7155
2022-08-21 11:00:00,83.6461
2022-08-21 11:30:00,82.5134
2022-08-21 12:00:00,84.3793
2022-08-21 12:30:00,82.3617
2022-08-21 13:00:00,88.2463
2022-08-21 13:30:00,83.8249
2022-08-21 14:00:00,77.7582
2022-08-21 14:30:00,76.2381
2022-08-21 15:00:00,82.6724
2022-08-21 15:30:00,86.5383
2022-08-21 16:00:00,80.5696
2022-08-21 16:30:00,81.3266
2022-08-21 17:00:00,83.2445
2022-08-21 17:30:00,81.3289
2022-08-21 18:00:00,86.4182
2022-08-21 18:30:00,83.7818
2022-08-21 19:00:00,86.1682
2022-08-21 19:30:00,87.4978
2022-08-21 20:00:00,87.7803
2022-08-21 20:30:00,87.4958
2022-08-21 21:00:00,91.796
2022-08-21 21:30:00,94.7712
2022-08-21 22:00:00,95.9457
2022-08-21 22:30:00,97.2695
2022-08-21 23:00:00,97.5156
2022-08-21 23:30:00,97.9074
2022-08-22 00:00:00,98.4736
2022-08-22 00:30:00,98.8987
2022-08-22 01:00:00,99.3352
2022-08-22 01:30:00,99.5534
2022-08-22 02:00:00,100
2022-08-22 02:30:00,100
2022-08-22 03:00:00,100
2022-08-22 03:30:00,100
2022-08-22 04:00:00,100
2022-08-22 04:30:00,100
2022-08-22 05:00:00,100
2022-08-22 05:30:00,100
2022-08-22 06:00:00,100
2022-08-22 06:30:00,100
2022-08-22 07:00:00,100
2022-08-22 07:30:00,100
2022-08-22 08:00:00,100
2022-08-22 08:30:00,100
2022-08-22 09:00:00,100
2022-08-22 09:30:00,97.079
2022-08-22 10:00:00,77.0654
2022-08-22 10:30:00,78.5014
2022-08-22 11:00:00,74.2867
2022-08-22 11:30:00,73.823
2022-08-22 12:00:00,66.8534
2022-08-22 12:30:00,67.3084
2022-08-22 13:00:00,64.5978
2022-08-22 13:30:00,68.9373
2022-08-22 14:00:00,67.5681
2022-08-22 14:30:00,73.1563
2022-08-22 15:00:00,85.644
2022-08-22 15:30:00,89.1881
2022-08-22 16:00:00,86.3926
2022-08-22 16:30:00,86.1441
2022-08-22 17:00:00,86.4751
2022-08-22 17:30:00,89.6941
2022-08-22 18:00:00,88.2596
2022-08-22 18:30:00,89.0603
2022-08-22 19:00:00,90.6355
2022-08-22 19:30:00,90.5656
2022-08-22 20:00:00,92.1511
2022-08-22 20:30:00,92.5115
2022-08-22 21:00:00,94.6436
2022-08-22 21:30:00,96.2358
2022-08-22 22:00:00,93.7189
2022-08-22 22:30:00,92.1607
2022-08-22 23:00:00,93.2431
2022-08-22 23:30:00,95.1007
2022-08-23 00:00:00,96.642
2022-08-23 00:30:00,97.3591
2022-08-23 01:00:00,98.1171
2022-08-23 01:30:00,98.8851
2022-08-23 02:00:00,99.3404
2022-08-23 02:30:00,100
2022-08-23 03:00:00,100
2022-08-23 03:30:00,100
2022-08-23 04:00:00,100
2022-08-23 04:30:00,100
2022-08-23 05:00:00,100
2022-08-23 05:30:00,100
2022-08-23 06:00:00,100
2022-08-23 06:30:00,100
2022-08-23 07:00:00,100
2022-08-23 07:30:00,100
2022-08-23 08:00:00,100
2022-08-23 08:30:00,93.6947
2022-08-23 09:00:00,78.4621
2022-08-23 09:30:00,75.4023
2022-08-23 10:00:00,70.2439
2022-08-23 10:30:00,67.4084
2022-08-23 11:00:00,67.073
2022-08-23 11:30:00,70.0011
2022-08-23 12:00:00,64.8704
2022-08-23 12:30:00,62.0587
2022-08-23 13:00:00,59.8774
2022-08-23 13:30:00,60.9482
2022-08-23 14:00:00,68.6965
2022-08-23 14:30:00,67.6217
2022-08-23 15:00:00,69.9557
2022-08-23 15:30:00,66.0562
2022-08-23 16:00:00,69.8075
2022-08-23 16:30:00,74.8458
2022-08-23 17:00:00,73.3109
2022-08-23 17:30:00,74.9622
2022-08-23 18:00:00,84.3407
2022-08-23 18:30:00,88.1791
2022-08-23 19:00:00,91.88
2022-08-23 19:30:00,93.6763
2022-08-23 20:00:00,95.1299
2022-08-23 20:30:00,95.8064
2022-08-23 21:00:00,86.5896
2022-08-23 21:30:00,78.993
2022-08-23 22:00:00,74.4553
2022-08-23 22:30:00,71.6823
2022-08-23 23:00:00,69.9213
2022-08-23 23:30:00,69.496
2022-08-24 00:00:00,70.644
2022-08-24 00:30:00,71.0902
2022-08-24 01:00:00,71.8981
2022-08-24 01:30:00,71.3319
2022-08-24 02:00:00,68.7267
2022-08-24 02:30:00,69.2268
2022-08-24 03:00:00,71.3984
2022-08-24 03:30:00,69.1169
2022-08-24 04:00:00,67.2251
2022-08-24 04:30:00,66.3003
2022-08-24 05:00:00,62.3014
2022-08-24 05:30:00,63.8585
2022-08-24 06:00:00,65.7347
2022-08-24 06:30:00,64.9314
2022-08-24 07:00:00,67.953
2022-08-24 07:30:00,79.2195
2022-08-24 08:00:00,65.8975
2022-08-24 08:30:00,58.8047
2022-08-24 09:00:00,57.47
2022-08-24 09:30:00,57.1224
2022-08-24 10:00:00,54.1953
2022-08-24 10:30:00,54.6517
2022-08-24 11:00:00,52.1722
2022-08-24 11:30:00,56.3541
2022-08-24 12:00:00,58.214
2022-08-24 12:30:00,59.9302
2022-08-24 13:00:00,60.5276
2022-08-24 13:30:00,58.8497
2022-08-24 14:00:00,52.3168
2022-08-24 14:30:00,49.1179
2022-08-24 15:00:00,49.7273
2022-08-24 15:30:00,56.163
2022-08-24 16:00:00,64.245
2022-08-24 16:30:00,66.7812
2022-08-24 17:00:00,63.8742
2022-08-24 17:30:00,66.2474
2022-08-24 18:00:00,68.9994
2022-08-24 18:30:00,70.0632
2022-08-24 19:00:00,71.2435
2022-08-24 19:30:00,71.0714
2022-08-24 20:00:00,71.9357
2022-08-24 20:30:00,77.2868
2022-08-24 21:00:00,80.3913
2022-08-24 21:30:00,82.3437
2022-08-24 22:00:00,82.1544
2022-08-24 22:30:00,84.0851
2022-08-24 23:00:00,87.0558
2022-08-24 23:30:00,90.6495
2022-08-25 00:00:00,93.1308
2022-08-25 00:30:00,93.7908
2022-08-25 01:00:00,94.7305
2022-08-25 01:30:00,95.832
2022-08-25 02:00:00,96.0031
2022-08-25 02:30:00,96.6181
2022-08-25 03:00:00,95.823
2022-08-25 03:30:00,94.0667
2022-08-25 04:00:00,92.3058
2022-08-25 04:30:00,93.8183
2022-08-25 05:00:00,96.1213
2022-08-25 05:30:00,96.7375
2022-08-25 06:00:00,96.7355
2022-08-25 06:30:00,96.1926
2022-08-25 07:00:00,96.783
2022-08-25 07:30:00,82.111
2022-08-25 08:00:00,79.4127
2022-08-25 08:30:00,79.0071
2022-08-25 09:00:00,72.846
2022-08-25 09:30:00,68.1925
2022-08-25 10:00:00,65.2485
2022-08-25 10:30:00,63.6279
2022-08-25 11:00:00,68.2959
2022-08-25 11:30:00,69.2934
2022-08-25 12:00:00,73.2114
2022-08-25 12:30:00,76.0424
2022-08-25 13:00:00,69.6555
2022-08-25 13:30:00,79.737
2022-08-25 14:00:00,75.0406
2022-08-25 14:30:00,71.2267
2022-08-25 15:00:00,78.1694
2022-08-25 15:30:00,82.8783
2022-08-25 16:00:00,80.8154
2022-08-25 16:30:00,83.9234
2022-08-25 17:00:00,79.6
2022-08-25 17:30:00,73.021
2022-08-25 18:00:00,60.0781
2022-08-25 18:30:00,75.2094
2022-08-25 19:00:00,78.5274
2022-08-25 19:30:00,86.3113
2022-08-25 20:00:00,92.249
2022-08-25 20:30:00,93.2809
2022-08-25 21:00:00,85.1844
2022-08-25 21:30:00,91.8791
2022-08-25 22:00:00,91.9648
2022-08-25 22:30:00,93.1677
2022-08-25 23:00:00,93.3603
2022-08-25 23:30:00,93.4836
2022-08-26 00:00:00,91.6975
2022-08-26 00:30:00,91.1998
2022-08-26 01:00:00,90.9269
2022-08-26 01:30:00,90.6167
2022-08-26 02:00:00,91.51
2022-08-26 02:30:00,93.9427
2022-08-26 03:00:00,94.9796
2022-08-26 03:30:00,95.728
2022-08-26 04:00:00,96.2894
2022-08-26 04:30:00,96.7963
2022-08-26 05:00:00,97.2859
2022-08-26 05:30:00,97.6484
2022-08-26 06:00:00,98.0282
2022-08-26 06:30:00,98.0397
2022-08-26 07:00:00,97.7951
2022-08-26 07:30:00,97.6569
2022-08-26 08:00:00,97.279
2022-08-26 08:30:00,95.5313
2022-08-26 09:00:00,87.8796
2022-08-26 09:30:00,74.5011
2022-08-26 10:00:00,71.3988
2022-08-26 10:30:00,70.238
2022-08-26 11:00:00,63.6803
2022-08-26 11:30:00,57.8257
2022-08-26 12:00:00,57.9322
2022-08-26 12:30:00,54.3579
2022-08-26 13:00:00,54.8085
2022-08-26 13:30:00,55.6996
2022-08-26 14:00:00,57.9339
2022-08-26 14:30:00,65.5259
2022-08-26 15:00:00,63.663
2022-08-26 15:30:00,53.395
2022-08-26 16:00:00,55.9499
2022-08-26 16:30:00,58.067
2022-08-26 17:00:00,59.7296
2022-08-26 17:30:00,66.293
2022-08-26 18:00:00,70.2782
2022-08-26 18:30:00,70.5223
2022-08-26 19:00:00,75.925
2022-08-26 19:30:00,81.3195
2022-08-26 20:00:00,85.5417
2022-08-26 20:30:00,88.2974
2022-08-26 21:00:00,91.798
2022-08-26 21:30:00,93.434
2022-08-26 22:00:00,94.943
2022-08-26 22:30:00,95.7853
2022-08-26 23:00:00,95.4205
2022-08-26 23:30:00,94.6914
2022-08-27 00:00:00,94.6733
2022-08-27 00:30:00,94.6594
2022-08-27 01:00:00,95.473
2022-08-27 01:30:00,95.9479
2022-08-27 02:00:00,96.5876
2022-08-27 02:30:00,97.093
2022-08-27 03:00:00,97.3648
2022-08-27 03:30:00,97.6469
2022-08-27 04:00:00,98.1107
2022-08-27 04:30:00,98.3465
2022-08-27 05:00:00,98.5938
2022-08-27 05:30:00,100
2022-08-27 06:00:00,100
2022-08-27 06:30:00,100
2022-08-27 07:00:00,100
2022-08-27 07:30:00,100
2022-08-27 08:00:00,95.8227
2022-08-27 08:30:00,81.3941
2022-08-27 09:00:00,68.3534
2022-08-27 09:30:00,62.8955
2022-08-27 10:00:00,62.1725
2022-08-27 10:30:00,64.7972
2022-08-27 11:00:00,60.3006
2022-08-27 11:30:00,53.4988
2022-08-27 12:00:00,58.5435
2022-08-27 12:30:00,62.6602
2022-08-27 13:00:00,61.9363
2022-08-27 13:30:00,62.8484
2022-08-27 14:00:00,64.0218
2022-08-27 14:30:00,62.3013
2022-08-27 15:00:00,65.1914
2022-08-27 15:30:00,67.2856
2022-08-27 16:00:00,67.841
2022-08-27 16:30:00,69.021
2022-08-27 17:00:00,70.941
2022-08-27 17:30:00,72.9756
2022-08-27 18:00:00,76.2979
2022-08-27 18:30:00,77.457
2022-08-27 19:00:00,77.7916
2022-08-27 19:30:00,76.8165
2022-08-27 20:00:00,76.3221
2022-08-27 20:30:00,80.3913
2022-08-27 21:00:00,85.084
2022-08-27 21:30:00,87.6709
2022-08-27 22:00:00,86.031
2022-08-27 22:30:00,87.1274
2022-08-27 23:00:00,87.8035
2022-08-27 23:30:00,87.5611
2022-08-28 00:00:00,85.3171
2022-08-28 00:30:00,81.2223
2022-08-28 01:00:00,80.9311
2022-08-28 01:30:00,83.6787
2022-08-28 02:00:00,86.3509
2022-08-28 02:30:00,87.2963
2022-08-28 03:00:00,87.9189
2022-08-28 03:30:00,88.2087
2022-08-28 04:00:00,88.9383
2022-08-28 04:30:00,88.7726
2022-08-28 05:00:00,88.4518
2022-08-28 05:30:00,89.324700000000007
2022-08-28 06:00:00,87.871
2022-08-28 06:30:00,88.9165
2022-08-28 07:00:00,89.5438
2022-08-28 07:30:00,90.2566
2022-08-28 08:00:00,88.539
2022-08-28 08:30:00,84.2741
2022-08-28 09:00:00,73.2066
2022-08-28 09:30:00,71.9185
2022-08-28 10:00:00,73.7725
2022-08-28 10:30:00,69.4512
2022-08-28 11:00:00,64.4117
2022-08-28 11:30:00,68.2825
2022-08-28 12:00:00,68.538
2022-08-28 12:30:00,64.1282
2022-08-28 13:00:00,65.5301
2022-08-28 13:30:00,58.6708
2022-08-28 14:00:00,60.4661
2022-08-28 14:30:00,54.9167
2022-08-28 15:00:00,54.5818
2022-08-28 15:30:00,54.3005
2022-08-28 16:00:00,51.8377
2022-08-28 16:30:00,55.1152
2022-08-28 17:00:00,52.982
2022-08-28 17:30:00,57.3878
2022-08-28 18:00:00,61.5161
2022-08-28 18:30:00,64.5625
2022-08-28 19:00:00,66.523
2022-08-28 19:30:00,71.791
2022-08-28 20:00:00,76.754
2022-08-28 20:30:00,77.0927
2022-08-28 21:00:00,83.3815
2022-08-28 21:30:00,85.7095
2022-08-28 22:00:00,87.6
2022-08-28 22:30:00,90.0295
2022-08-28 23:00:00,86.8462
2022-08-28 23:30:00,86.9448
2022-08-29 00:00:00,86.4433
2022-08-29 00:30:00,86.0888
2022-08-29 01:00:00,89.9868
2022-08-29 01:30:00,91.5647
2022-08-29 02:00:00,92.6325
2022-08-29 02:30:00,92.7119
2022-08-29 03:00:00,93.4784
2022-08-29 03:30:00,92.1879
2022-08-29 04:00:00,92.794
2022-08-29 04:30:00,92.4876
2022-08-29 05:00:00,93.5943
2022-08-29 05:30:00,94.0308
2022-08-29 06:00:00,94.2057
2022-08-29 06:30:00,93.7409
2022-08-29 07:00:00,93.7713
2022-08-29 07:30:00,93.4584
2022-08-29 08:00:00,78.6523
2022-08-29 08:30:00,68.7775
2022-08-29 09:00:00,62.6062
2022-08-29 09:30:00,56.5943
2022-08-29 10:00:00,52.5741
2022-08-29 10:30:00,48.0889
2022-08-29 11:00:00,48.0316
2022-08-29 11:30:00,51.9528
2022-08-29 12:00:00,50.3881
2022-08-29 12:30:00,50.9175
2022-08-29 13:00:00,52.1388
2022-08-29 13:30:00,51.8879
2022-08-29 14:00:00,51.909
2022-08-29 14:30:00,50.5425
2022-08-29 15:00:00,48.2135
2022-08-29 15:30:00,48.9618
2022-08-29 16:00:00,49.8683
2022-08-29 16:30:00,50.318
2022-08-29 17:00:00,54.33
2022-08-29 17:30:00,56.3423
2022-08-29 18:00:00,64.4193
2022-08-29 18:30:00,55.7891
2022-08-29 19:00:00,55.3818
2022-08-29 19:30:00,55.8485
2022-08-29 20:00:00,54.9711
2022-08-29 20:30:00,54.4653
2022-08-29 21:00:00,54.1596
2022-08-29 21:30:00,53.9101
2022-08-29 22:00:00,54.7516
2022-08-29 22:30:00,64.7916
2022-08-29 23:00:00,70.0232
2022-08-29 23:30:00,76.1489
2022-08-30 00:00:00,79.5239
2022-08-30 00:30:00,78.383
2022-08-30 01:00:00,79.7831
2022-08-30 01:30:00,80.4688
2022-08-30 02:00:00,82.3422
2022-08-30 02:30:00,84.6132
2022-08-30 03:00:00,81.8106
2022-08-30 03:30:00,80.8947
2022-08-30 04:00:00,84.1627
2022-08-30 04:30:00,89.1915
2022-08-30 05:00:00,90.1246
2022-08-30 05:30:00,91.0203
2022-08-30 06:00:00,91.6623
2022-08-30 06:30:00,92.719
2022-08-30 07:00:00,93.9543
2022-08-30 07:30:00,88.9085
2022-08-30 08:00:00,81.4073
2022-08-30 08:30:00,76.4151
2022-08-30 09:00:00,68.5684
2022-08-30 09:30:00,65.112
2022-08-30 10:00:00,61.0666
2022-08-30 10:30:00,55.1634
2022-08-30 11:00:00,54.1482
2022-08-30 11:30:00,53.0312
2022-08-30 12:00:00,44.9247
2022-08-30 12:30:00,47.5606
2022-08-30 13:00:00,48.6756
2022-08-30 13:30:00,46.5501
2022-08-30 14:00:00,48.6848
2022-08-30 14:30:00,53.2914
2022-08-30 15:00:00,58.7946
2022-08-30 15:30:00,56.7096
2022-08-30 16:00:00,60.3988
2022-08-30 16:30:00,63.392
2022-08-30 17:00:00,65.2755
2022-08-30 17:30:00,71.9964
2022-08-30 18:00:00,75.221
2022-08-30 18:30:00,74.5792
2022-08-30 19:00:00,75.0262
2022-08-30 19:30:00,75.2652
2022-08-30 20:00:00,76.6722
2022-08-30 20:30:00,81.0096
2022-08-30 21:00:00,83.9176
2022-08-30 21:30:00,85.5815
2022-08-30 22:00:00,86.0554
2022-08-30 22:30:00,87.7919
2022-08-30 23:00:00,90.1703
2022-08-30 23:30:00,92.2966
2022-08-31 00:00:00,94.2902
2022-08-31 00:30:00,94.4888
2022-08-31 01:00:00,95.3669
2022-08-31 01:30:00,95.8536
2022-08-31 02:00:00,96.3266
2022-08-31 02:30:00,96.3884
2022-08-31 03:00:00,96.0154
2022-08-31 03:30:00,95.4094
2022-08-31 04:00:00,94.6088
2022-08-31 04:30:00,93.7109
2022-08-31 05:00:00,93.0087
2022-08-31 05:30:00,92.0399
2022-08-31 06:00:00,93.9551
2022-08-31 06:30:00,95.1578
2022-08-31 07:00:00,95.0572
2022-08-31 07:30:00,92.9216
2022-08-31 08:00:00,79.4517
2022-08-31 08:30:00,74.1829
2022-08-31 09:00:00,68.7308
2022-08-31 09:30:00,68.6513
2022-08-31 10:00:00,64.2229
2022-08-31 10:30:00,63.5128
2022-08-31 11:00:00,63.907
2022-08-31 12:00:00,62.7852
2022-08-31 12:30:00,61.6551
2022-08-31 13:00:00,63.1628
2022-08-31 13:30:00,61.6729
2022-08-31 14:00:00,63.0536
2022-08-31 14:30:00,62.1488
2022-08-31 15:00:00,68.4964
2022-08-31 15:30:00,66.9993
2022-08-31 16:00:00,72.4161
2022-08-31 16:30:00,72.6054
2022-08-31 17:00:00,71.1033
2022-08-31 17:30:00,72.0671
2022-08-31 18:00:00,75.9239
2022-08-31 18:30:00,79.2436
2022-08-31 19:00:00,79.9993
2022-08-31 19:30:00,81.7988
2022-08-31 20:00:00,86.1179
2022-08-31 20:30:00,88.5711
2022-08-31 21:00:00,85.9517
2022-08-31 21:30:00,85.8822
2022-08-31 22:00:00,85.6617
2022-08-31 22:30:00,86.6614
2022-08-31 23:00:00,87.8824
2022-08-31 23:30:00,88.6879
2022-09-01 00:00:00,88.7473
2022-09-01 00:30:00,91.1663
2022-09-01 01:00:00,93.6453
2022-09-01 01:30:00,94.2632
2022-09-01 02:00:00,94.3172
2022-09-01 02:30:00,94.8485
2022-09-01 03:00:00,95.0694
2022-09-01 03:30:00,95.7935
2022-09-01 04:00:00,96.3792
2022-09-01 04:30:00,96.75
2022-09-01 05:00:00,97.1084
2022-09-01 05:30:00,97.0403
2022-09-01 06:00:00,97.4275
2022-09-01 06:30:00,97.4275
2022-09-01 07:00:00,97.4911
2022-09-01 07:30:00,97.4955
2022-09-01 08:00:00,83.7118
2022-09-01 08:30:00,74.5711
2022-09-01 09:00:00,69.5145
2022-09-01 09:30:00,65.0061
2022-09-01 10:00:00,68.0978
2022-09-01 10:30:00,62.4949
2022-09-01 11:00:00,66.149
2022-09-01 11:30:00,74.5807
2022-09-01 12:00:00,73.3791
2022-09-01 12:30:00,70.2759
2022-09-01 13:00:00,67.5426
2022-09-01 13:30:00,63.5014
2022-09-01 14:00:00,59.2682
2022-09-01 14:30:00,53.9168
2022-09-01 15:00:00,51.342
2022-09-01 15:30:00,50.0126
2022-09-01 16:00:00,54.6348
2022-09-01 16:30:00,57.4274
2022-09-01 17:00:00,67.5042
2022-09-01 17:30:00,75.9903
2022-09-01 18:00:00,79.5584
2022-09-01 18:30:00,75.7488
2022-09-01 19:00:00,77.7704
2022-09-01 19:30:00,81.603
2022-09-01 20:00:00,84.7713
2022-09-01 20:30:00,86.6028
2022-09-01 21:00:00,78.1378
2022-09-01 21:30:00,79.8911
2022-09-01 22:00:00,80.6152
2022-09-01 22:30:00,80.4551
2022-09-01 23:00:00,83.4698
2022-09-01 23:30:00,76.835
2022-09-02 00:00:00,79.5157
2022-09-02 00:30:00,83.2236
2022-09-02 01:00:00,85.7378
2022-09-02 01:30:00,87.6006
2022-09-02 02:00:00,91.0329
2022-09-02 02:30:00,92.5205
2022-09-02 03:00:00,93.5744
2022-09-02 03:30:00,94.1491
2022-09-02 04:00:00,94.3384
2022-09-02 04:30:00,95.1057
2022-09-02 05:00:00,94.9043
2022-09-02 05:30:00,95.1563
2022-09-02 06:00:00,96.4
2022-09-02 06:30:00,96.6786
2022-09-02 07:00:00,96.8637
2022-09-02 07:30:00,96.047
2022-09-02 08:00:00,89.5109
2022-09-02 08:30:00,84.239
2022-09-02 09:00:00,80.1171
2022-09-02 09:30:00,72.7897
2022-09-02 10:00:00,73.9381
2022-09-02 10:30:00,69.3741
2022-09-02 11:00:00,59.3877
2022-09-02 11:30:00,58.9218
2022-09-02 12:00:00,50.7202
2022-09-02 12:30:00,53.663
2022-09-02 13:00:00,62.5684
2022-09-02 13:30:00,62.6222
2022-09-02 14:00:00,71.6929
2022-09-02 14:30:00,69.2527
2022-09-02 15:00:00,61.915
2022-09-02 15:30:00,65.6887
2022-09-02 16:00:00,69.3433
2022-09-02 16:30:00,69.7024
2022-09-02 17:00:00,72.9911
2022-09-02 17:30:00,75.5124
2022-09-02 18:00:00,77.4043
2022-09-02 18:30:00,78.2478
2022-09-02 19:00:00,85.6871
2022-09-02 19:30:00,82.1316
2022-09-02 20:00:00,77.3128
2022-09-02 20:30:00,81.1055
2022-09-02 21:00:00,84.4139
2022-09-02 21:30:00,88.3738
2022-09-02 22:00:00,89.5731
2022-09-02 22:30:00,86.9834
2022-09-02 23:00:00,85.7655
2022-09-02 23:30:00,88.7015
2022-09-03 00:00:00,89.6693
2022-09-03 00:30:00,90.6582
2022-09-03 01:00:00,93.3111
2022-09-03 01:30:00,94.2621
2022-09-03 02:00:00,95.4062
2022-09-03 02:30:00,96.2116
2022-09-03 03:00:00,95.6728
2022-09-03 03:30:00,95.2776
2022-09-03 04:00:00,96.2679
2022-09-03 04:30:00,96.5382
2022-09-03 05:00:00,96.4134
2022-09-03 05:30:00,94.6486
2022-09-03 06:00:00,94.3618
2022-09-03 06:30:00,95.5483
2022-09-03 07:00:00,96.8437
2022-09-03 07:30:00,98.4116
2022-09-03 08:00:00,95.8048
2022-09-03 08:30:00,94.6052
2022-09-03 09:00:00,83.7531
2022-09-03 09:30:00,79.8803
2022-09-03 10:00:00,82.43
2022-09-03 10:30:00,69.7722
2022-09-03 11:00:00,73.5891
2022-09-03 11:30:00,73.8748
2022-09-03 12:00:00,71.6393
2022-09-03 12:30:00,68.6957
2022-09-03 13:00:00,72.6374
2022-09-03 13:30:00,69.0879
2022-09-03 14:00:00,58.0145
2022-09-03 14:30:00,42.8128
2022-09-03 15:00:00,42.7601
2022-09-03 15:30:00,42.8225
2022-09-03 16:00:00,42.0692
2022-09-03 16:30:00,43.916
2022-09-03 17:00:00,44.7234
2022-09-03 17:30:00,49.5302
2022-09-03 18:00:00,57.8368
2022-09-03 18:30:00,60.9555
2022-09-03 19:00:00,66.8431
2022-09-03 19:30:00,71.4143
2022-09-03 20:00:00,75.1491
2022-09-03 20:30:00,78.1075
2022-09-03 21:00:00,81.5031
2022-09-03 21:30:00,83.7677
2022-09-03 22:00:00,85.9707
2022-09-03 22:30:00,88.5894
2022-09-03 23:00:00,89.3438
2022-09-03 23:30:00,87.7948
2022-09-04 00:00:00,84.6399
2022-09-04 00:30:00,84.8471
2022-09-04 01:00:00,86.7916
2022-09-04 01:30:00,82.5138
2022-09-04 02:00:00,83.7325
2022-09-04 02:30:00,82.3129
2022-09-04 03:00:00,77.1895
2022-09-04 03:30:00,72.6865
2022-09-04 04:00:00,77.5937
2022-09-04 04:30:00,81.2581
2022-09-04 05:00:00,83.5709
2022-09-04 05:30:00,81.6699
2022-09-04 06:00:00,80.1296
2022-09-04 06:30:00,83.5353
2022-09-04 07:00:00,86.1173
2022-09-04 07:30:00,77.8421
2022-09-04 08:00:00,60.0326
2022-09-04 08:30:00,53.5968
2022-09-04 09:00:00,52.5274
2022-09-04 09:30:00,51.3582
2022-09-04 10:00:00,48.1524
2022-09-04 10:30:00,46.5169
2022-09-04 11:00:00,44.8295
2022-09-04 11:30:00,43.9302
2022-09-04 12:00:00,43.3602
2022-09-04 12:30:00,46.0643
2022-09-04 13:00:00,42.8868
2022-09-04 13:30:00,36.4974
2022-09-04 14:00:00,37.1731
2022-09-04 14:30:00,39.181
2022-09-04 15:00:00,38.8586
2022-09-04 15:30:00,38.4161
2022-09-04 16:00:00,39.5719
2022-09-04 16:30:00,43.1102
2022-09-04 17:00:00,47.2041
2022-09-04 17:30:00,50.827
2022-09-04 18:00:00,53.6442
2022-09-04 18:30:00,55.3695
2022-09-04 19:00:00,56.4267
2022-09-04 19:30:00,57.1847
2022-09-04 20:00:00,57.0651
2022-09-04 20:30:00,58.4755
2022-09-04 21:00:00,58.4961
2022-09-04 21:30:00,53.4536
2022-09-04 22:00:00,54.4953
2022-09-04 22:30:00,56.3856
2022-09-04 23:00:00,58.2363
2022-09-04 23:30:00,58.3731
2022-09-05 00:00:00,63.9798
2022-09-05 00:30:00,67.3045
2022-09-05 01:00:00,70.5417
2022-09-05 01:30:00,72.1781
2022-09-05 02:00:00,70.4039
2022-09-05 02:30:00,74.0283
2022-09-05 03:00:00,74.3444
2022-09-05 03:30:00,73.2706
2022-09-05 04:00:00,74.4522
2022-09-05 04:30:00,74.5729
2022-09-05 05:00:00,74.6937
2022-09-05 05:30:00,72.98
2022-09-05 06:00:00,72.2201
2022-09-05 06:30:00,68.9303
2022-09-05 07:00:00,71.684
2022-09-05 07:30:00,69.5091
2022-09-05 08:00:00,73.4373
2022-09-05 08:30:00,69.7857
2022-09-05 09:00:00,68.6798
2022-09-05 09:30:00,64.764
2022-09-05 10:00:00,61.1655
2022-09-05 10:30:00,52.0412
2022-09-05 11:00:00,53.776
2022-09-05 11:30:00,53.9838
2022-09-05 12:00:00,58.3546
2022-09-05 12:30:00,58.9585
2022-09-05 13:00:00,61.8297
2022-09-05 13:30:00,61.5547
2022-09-05 14:00:00,60.6905
2022-09-05 14:30:00,61.3031
2022-09-05 15:00:00,62.3884
2022-09-05 15:30:00,62.4991
2022-09-05 16:00:00,61.8493
2022-09-05 16:30:00,54.3547
2022-09-05 17:00:00,55.6472
2022-09-05 17:30:00,56.919
2022-09-05 18:00:00,56.7124
2022-09-05 18:30:00,59.2065
2022-09-05 19:00:00,56.885
2022-09-05 19:30:00,66.5171
2022-09-05 20:00:00,64.2386
2022-09-05 20:30:00,65.2929
2022-09-05 21:00:00,60.9852
2022-09-05 21:30:00,68.6511
2022-09-05 22:00:00,60.3851
2022-09-05 22:30:00,50.2319
2022-09-05 23:00:00,48.9608
2022-09-05 23:30:00,46.9321
2022-09-06 00:00:00,39.5282
2022-09-06 00:30:00,38.7597
2022-09-06 01:00:00,39.3174
2022-09-06 01:30:00,39.4996
2022-09-06 02:00:00,35.6525
2022-09-06 02:30:00,38.2686
2022-09-06 03:00:00,40.7583
2022-09-06 03:30:00,39.3366
2022-09-06 04:00:00,35.2381
2022-09-06 04:30:00,46.3198
2022-09-06 05:00:00,44.3914
2022-09-06 05:30:00,54.7076
2022-09-06 06:00:00,54.0953
2022-09-06 06:30:00,61.3873
2022-09-06 07:00:00,61.575
2022-09-06 07:30:00,57.8365
2022-09-06 08:00:00,51.1602
2022-09-06 08:30:00,41.7631
2022-09-06 09:00:00,40.6704
2022-09-06 09:30:00,35.1706
2022-09-06 10:00:00,34.29
2022-09-06 10:30:00,29.594
2022-09-06 11:00:00,28.8627
2022-09-06 11:30:00,26.026
2022-09-06 12:00:00,24.5029
2022-09-06 12:30:00,23.6729
2022-09-06 13:00:00,22.0929
2022-09-06 13:30:00,28.4876
2022-09-06 14:00:00,29.2675
2022-09-06 14:30:00,31.2941
2022-09-06 15:00:00,30.5983
2022-09-06 15:30:00,29.5636
2022-09-06 16:00:00,31.1427
2022-09-06 16:30:00,37.3358
2022-09-06 17:00:00,42.4052
2022-09-06 17:30:00,46.2706
2022-09-06 18:00:00,47.0131
2022-09-06 18:30:00,53.7475
2022-09-06 19:00:00,57.4776
2022-09-06 19:30:00,61.5781
2022-09-06 20:00:00,61.5869
2022-09-06 20:30:00,63.4332
2022-09-06 21:00:00,66.3792
2022-09-06 21:30:00,67.05
2022-09-06 22:00:00,70.3384
2022-09-06 22:30:00,69.7131
2022-09-06 23:00:00,73.5673
2022-09-06 23:30:00,76.2645
2022-09-07 00:00:00,73.4825
2022-09-07 00:30:00,75.9791
2022-09-07 01:00:00,79.9585
2022-09-07 01:30:00,81.7899
2022-09-07 02:00:00,83.3024
2022-09-07 02:30:00,83.4336
2022-09-07 03:00:00,84.2358
2022-09-07 03:30:00,86.5451
2022-09-07 04:00:00,87.633
2022-09-07 04:30:00,88.9439
2022-09-07 05:00:00,89.0847
2022-09-07 05:30:00,89.6307
2022-09-07 06:00:00,90.81
2022-09-07 06:30:00,90.4899
2022-09-07 07:00:00,90.3223
2022-09-07 07:30:00,76.7194
2022-09-07 08:00:00,64.4258
2022-09-07 08:30:00,56.7231
2022-09-07 09:00:00,50.2353
2022-09-07 09:30:00,45.0387
2022-09-07 10:00:00,42.1477
2022-09-07 10:30:00,38.4356
2022-09-07 11:00:00,38.5844
2022-09-07 11:30:00,37.7527
2022-09-07 12:00:00,33.3364
2022-09-07 12:30:00,30.5276
2022-09-07 13:00:00,46.8331
2022-09-07 13:30:00,45.0452
2022-09-07 14:00:00,46.7061
2022-09-07 14:30:00,45.725
2022-09-07 15:00:00,45.9142
2022-09-07 15:30:00,46.5117
2022-09-07 16:00:00,49.4052
2022-09-07 16:30:00,51.2946
2022-09-07 17:00:00,53.6192
2022-09-07 17:30:00,55.2899
2022-09-07 18:00:00,58.6841
2022-09-07 18:30:00,64.5421
2022-09-07 19:00:00,70.3045
2022-09-07 19:30:00,72.5759
2022-09-07 20:00:00,75.6186
2022-09-07 20:30:00,81.4181
2022-09-07 21:00:00,83.1736
2022-09-07 21:30:00,85.0177
2022-09-07 22:00:00,86.7819
2022-09-07 22:30:00,86.5051
2022-09-07 23:00:00,86.5
2022-09-07 23:30:00,87.3386
2022-09-08 00:00:00,87.2676
2022-09-08 00:30:00,88.7055
2022-09-08 01:00:00,89.5316
2022-09-08 01:30:00,89.2241
2022-09-08 02:00:00,89.6024
2022-09-08 02:30:00,90.7918
2022-09-08 03:00:00,92.2209
2022-09-08 03:30:00,92.2845
2022-09-08 04:00:00,92.2049
2022-09-08 04:30:00,88.7855
2022-09-08 05:00:00,87.7015
2022-09-08 05:30:00,90.4134
2022-09-08 06:00:00,89.4129
2022-09-08 06:30:00,88.819
2022-09-08 07:00:00,86.6766
2022-09-08 07:30:00,79.7913
2022-09-08 08:00:00,70.6483
2022-09-08 08:30:00,72.5587
2022-09-08 09:00:00,65.7422
2022-09-08 09:30:00,52.7741
2022-09-08 10:00:00,48.2925
2022-09-08 10:30:00,49.4138
2022-09-08 11:00:00,49.7653
2022-09-08 11:30:00,46.3787
2022-09-08 12:00:00,48.1355
2022-09-08 12:30:00,48.8886
2022-09-08 13:00:00,48.3685
2022-09-08 13:30:00,47.2453
2022-09-08 14:00:00,47.4265
2022-09-08 14:30:00,53.927
2022-09-08 15:00:00,57.2976
2022-09-08 15:30:00,61.4973
2022-09-08 16:00:00,60.3047
2022-09-08 16:30:00,57.6212
2022-09-08 17:00:00,60.6741
2022-09-08 17:30:00,63.4794
2022-09-08 18:00:00,65.6203
2022-09-08 18:30:00,70.7917
2022-09-08 19:00:00,77.6091
2022-09-08 19:30:00,79.5691
2022-09-08 20:00:00,81.1589
2022-09-08 20:30:00,86.5574
2022-09-08 21:00:00,88.3315
2022-09-08 21:30:00,87.2225
2022-09-08 22:00:00,88.6735
2022-09-08 22:30:00,87.9345
2022-09-08 23:00:00,86.6473
2022-09-08 23:30:00,84.9674
2022-09-09 00:00:00,83.0016
2022-09-09 00:30:00,84.3456
2022-09-09 01:00:00,86.1819
2022-09-09 01:30:00,87.4819
2022-09-09 02:00:00,87.6878
2022-09-09 02:30:00,85.3495
2022-09-09 03:00:00,85.6961
2022-09-09 03:30:00,84.6283
2022-09-09 04:00:00,83.9347
2022-09-09 04:30:00,84.5917
2022-09-09 05:00:00,84.7699
2022-09-09 05:30:00,85.186
2022-09-09 06:00:00,85.7083
2022-09-09 06:30:00,86.0275
2022-09-09 07:00:00,83.1654
2022-09-09 07:30:00,79.8597
2022-09-09 08:00:00,68.4452
2022-09-09 08:30:00,60.5784
2022-09-09 09:00:00,60.6196
2022-09-09 09:30:00,57.4641
2022-09-09 10:00:00,49.8638
2022-09-09 10:30:00,46.5113
2022-09-09 11:00:00,41.452
2022-09-09 11:30:00,42.2534
2022-09-09 12:00:00,45.0688
2022-09-09 12:30:00,42.8692
2022-09-09 13:00:00,38.5247
2022-09-09 13:30:00,37.2291
2022-09-09 14:00:00,38.0077
2022-09-09 14:30:00,35.8727
2022-09-09 15:00:00,35.2237
2022-09-09 15:30:00,37.0276
2022-09-09 16:00:00,38.2591
2022-09-09 16:30:00,40.2524
2022-09-09 17:00:00,61.8425
2022-09-09 17:30:00,56.0304
2022-09-09 18:00:00,61.5028
2022-09-09 18:30:00,63.8069
2022-09-09 19:00:00,65.4944
2022-09-09 19:30:00,62.6521
2022-09-09 20:00:00,63.1093
2022-09-09 20:30:00,59.5773
2022-09-09 21:00:00,57.4064
2022-09-09 21:30:00,64.4822
2022-09-09 22:00:00,73.5549
2022-09-09 22:30:00,77.1238
2022-09-09 23:00:00,73.2631
2022-09-09 23:30:00,74.1131
2022-09-10 00:00:00,73.8055
2022-09-10 00:30:00,76.5519
2022-09-10 01:00:00,81.2747
2022-09-10 01:30:00,84.4993
2022-09-10 02:00:00,83.2074
2022-09-10 02:30:00,84.9408
2022-09-10 03:00:00,84.542
2022-09-10 03:30:00,83.6794
2022-09-10 04:00:00,83.9396
2022-09-10 04:30:00,86.8222
2022-09-10 05:00:00,86.461
2022-09-10 05:30:00,85.6367
2022-09-10 06:00:00,85.7482
2022-09-10 06:30:00,84.0609
2022-09-10 07:00:00,84.5841
2022-09-10 07:30:00,77.4952
2022-09-10 08:00:00,69.419
2022-09-10 08:30:00,68.4492
2022-09-10 09:00:00,57.5925
2022-09-10 09:30:00,54.946
2022-09-10 10:00:00,51.5164
2022-09-10 10:30:00,43.5119
2022-09-10 11:00:00,43.4916
2022-09-10 11:30:00,42.4836
2022-09-10 12:00:00,48.3001
2022-09-10 12:30:00,47.7719
2022-09-10 13:00:00,53.8697
2022-09-10 13:30:00,45.518
2022-09-10 14:00:00,49.6547
2022-09-10 14:30:00,51.0963
2022-09-10 15:00:00,46.9909
2022-09-10 15:30:00,45.4379
2022-09-10 16:00:00,44.0903
2022-09-10 16:30:00,52.0117
2022-09-10 17:00:00,61.8342
2022-09-10 17:30:00,64.9223
2022-09-10 18:00:00,69.2578
2022-09-10 18:30:00,64.2632
2022-09-10 19:00:00,60.4083
2022-09-10 19:30:00,58.0126
2022-09-10 20:00:00,68.7863
2022-09-10 20:30:00,72.9573
2022-09-10 21:00:00,77.7333
2022-09-10 21:30:00,79.4956
2022-09-10 22:00:00,79.764
2022-09-10 22:30:00,80.9822
2022-09-10 23:00:00,82.783
2022-09-10 23:30:00,83.4912
2022-09-11 00:00:00,85.0452
2022-09-11 00:30:00,88.3372
2022-09-11 01:00:00,91.5689
2022-09-11 01:30:00,93.0446
2022-09-11 02:00:00,94.7155
2022-09-11 02:30:00,96.1112
2022-09-11 03:00:00,97.1034
2022-09-11 03:30:00,96.7249
2022-09-11 04:00:00,96.2895
2022-09-11 04:30:00,96.1883
2022-09-11 05:00:00,95.4642
2022-09-11 05:30:00,95.6443
2022-09-11 06:00:00,96.0341
2022-09-11 06:30:00,95.6761
2022-09-11 07:00:00,93.9846
2022-09-11 07:30:00,92.721
2022-09-11 08:00:00,88.6054
2022-09-11 08:30:00,79.5751
2022-09-11 09:00:00,77.1216
2022-09-11 09:30:00,74.8365
2022-09-11 10:00:00,68.6917
2022-09-11 10:30:00,65.9502
2022-09-11 11:00:00,56.3901
2022-09-11 11:30:00,59.9721
2022-09-11 12:00:00,55.6247
2022-09-11 12:30:00,59.3715
2022-09-11 13:00:00,57.8638
2022-09-11 13:30:00,57.4199
2022-09-11 14:00:00,54.0724
2022-09-11 14:30:00,53.7101
2022-09-11 15:00:00,56.3157
2022-09-11 15:30:00,61.7
2022-09-11 16:00:00,56.7973
2022-09-11 16:30:00,62.2512
2022-09-11 17:00:00,66.7058
2022-09-11 17:30:00,69.7037
2022-09-11 18:00:00,71.003
2022-09-11 18:30:00,72.1361
2022-09-11 19:00:00,78.4794
2022-09-11 19:30:00,79.9665
2022-09-11 20:00:00,80.6477
2022-09-11 20:30:00,83.4339
2022-09-11 21:00:00,86.4994
2022-09-11 21:30:00,88.5102
2022-09-11 22:00:00,90.4608
2022-09-11 22:30:00,87.6454
2022-09-11 23:00:00,84.376
2022-09-11 23:30:00,84.9909
2022-09-12 00:00:00,83.7793
2022-09-12 00:30:00,86.5712
2022-09-12 01:00:00,88.6879
2022-09-12 01:30:00,86.3869
2022-09-12 02:00:00,82.2553
2022-09-12 02:30:00,85.0483
2022-09-12 03:00:00,79.8776
2022-09-12 03:30:00,86.4428
2022-09-12 04:00:00,90.8557
2022-09-12 04:30:00,92.1081
2022-09-12 05:00:00,95.0658
2022-09-12 05:30:00,95.2625
2022-09-12 06:00:00,95.1183
2022-09-12 06:30:00,95.3972
2022-09-12 07:00:00,95.1105
2022-09-12 07:30:00,94.4014
2022-09-12 08:00:00,94.3124
2022-09-12 08:30:00,94.2524
2022-09-12 09:00:00,93.4608
2022-09-12 09:30:00,91.0477
2022-09-12 10:00:00,89.1229
2022-09-12 10:30:00,89.5042
2022-09-12 11:00:00,88.3581
2022-09-12 11:30:00,86.1482
2022-09-12 12:00:00,90.1081
2022-09-12 12:30:00,90.8962
2022-09-12 13:00:00,88.2579
2022-09-12 13:30:00,90.4688
2022-09-12 14:00:00,91.1716
2022-09-12 14:30:00,93.8071
2022-09-12 15:00:00,94.3321
2022-09-12 15:30:00,91.3772
2022-09-12 16:00:00,88.6994
2022-09-12 16:30:00,86.0348
2022-09-12 17:00:00,80.6579
2022-09-12 17:30:00,78.9559
2022-09-12 18:00:00,64.8623
2022-09-12 18:30:00,63.2164
2022-09-12 19:00:00,61.0244
2022-09-12 19:30:00,60.7589
2022-09-12 20:00:00,61.6779
2022-09-12 20:30:00,65.3572
2022-09-12 21:00:00,68.2419
2022-09-12 21:30:00,71.9515
2022-09-12 22:00:00,70.8604
2022-09-12 22:30:00,75.3568
2022-09-12 23:00:00,81.0288
2022-09-12 23:30:00,88.5807
2022-09-13 00:00:00,91.8609
2022-09-13 00:30:00,94.0279
2022-09-13 01:00:00,94.4363
2022-09-13 01:30:00,95.2204
2022-09-13 02:00:00,95.3101
2022-09-13 02:30:00,81.5058
2022-09-13 03:00:00,65.5314
2022-09-13 03:30:00,65.5951
2022-09-13 04:00:00,75.0997
2022-09-13 04:30:00,83.0508
2022-09-13 05:00:00,82.8608
2022-09-13 05:30:00,86.6176
2022-09-13 06:00:00,88.4159
2022-09-13 06:30:00,89.7571
2022-09-13 07:00:00,88.9806
2022-09-13 07:30:00,75.4565
2022-09-13 08:00:00,76.0152
2022-09-13 08:30:00,77.0921
2022-09-13 09:00:00,78.6524
2022-09-13 09:30:00,72.1471
2022-09-13 10:00:00,59.9469
2022-09-13 10:30:00,68.7319
2022-09-13 11:00:00,69.8954
2022-09-13 11:30:00,69.4419
2022-09-13 12:00:00,60.4827
2022-09-13 12:30:00,56.0994
2022-09-13 13:00:00,56.938
2022-09-13 13:30:00,55.913
2022-09-13 14:00:00,49.7754
2022-09-13 14:30:00,44.4984
2022-09-13 15:00:00,42.062
2022-09-13 15:30:00,54.1223
2022-09-13 16:00:00,71.3432
2022-09-13 16:30:00,65.356
2022-09-13 17:00:00,65.5014
2022-09-13 17:30:00,72.8505
2022-09-13 18:00:00,72.7723
2022-09-13 18:30:00,77.7795
2022-09-13 19:00:00,72.5001
2022-09-13 19:30:00,79.1435
2022-09-13 20:00:00,83.5152
2022-09-13 20:30:00,85.8485
2022-09-13 21:00:00,82.2078
2022-09-13 21:30:00,84.9866
2022-09-13 22:00:00,91.4809
2022-09-13 22:30:00,91.9329
2022-09-13 23:00:00,94.2021
2022-09-13 23:30:00,95.3672
2022-09-14 00:00:00,95.2207
2022-09-14 00:30:00,96.0135
2022-09-14 01:00:00,95.8689
2022-09-14 01:30:00,94.6855
2022-09-14 02:00:00,92.8318
2022-09-14 02:30:00,95.0308
2022-09-14 03:00:00,96.6478
2022-09-14 03:30:00,97.2097
2022-09-14 04:00:00,97.7051
2022-09-14 04:30:00,98.0381
2022-09-14 05:00:00,98.4929
2022-09-14 05:30:00,100
2022-09-14 06:00:00,100
2022-09-14 06:30:00,100
2022-09-14 07:00:00,98.6488
2022-09-14 07:30:00,86.5392
2022-09-14 08:00:00,75.1952
2022-09-14 08:30:00,64.3358
2022-09-14 09:00:00,52.3769
2022-09-14 09:30:00,45.8331
2022-09-14 10:00:00,41.4884
2022-09-14 10:30:00,37.6823
2022-09-14 11:00:00,36.9315
2022-09-14 11:30:00,35.1518
2022-09-14 12:00:00,35.6099
2022-09-14 12:30:00,37.9632
2022-09-14 13:00:00,33.1408
2022-09-14 13:30:00,33.7779
2022-09-14 14:00:00,33.6786
2022-09-14 14:30:00,34.7508
2022-09-14 15:00:00,38.5483
2022-09-14 15:30:00,40.4974
2022-09-14 16:00:00,52.9449
2022-09-14 16:30:00,55.3408
2022-09-14 17:00:00,55.8543
2022-09-14 17:30:00,58.3906
2022-09-14 18:00:00,61.4291
2022-09-14 18:30:00,65.9039
2022-09-14 19:00:00,64.7295
2022-09-14 19:30:00,62.6595
2022-09-14 20:00:00,62.1769
2022-09-14 20:30:00,61.4469
2022-09-14 21:00:00,63.4899
2022-09-14 21:30:00,73.4595
2022-09-14 22:00:00,79.0309
2022-09-14 22:30:00,83.4273
2022-09-14 23:00:00,85.1786
2022-09-14 23:30:00,86.4328
2022-09-15 00:00:00,87.6449
2022-09-15 00:30:00,87.1597
2022-09-15 01:00:00,87.7482
2022-09-15 01:30:00,88.6921
2022-09-15 02:00:00,87.8632
2022-09-15 02:30:00,87.6121
2022-09-15 03:00:00,86.6989
2022-09-15 03:30:00,88.4993
2022-09-15 04:00:00,89.6245
2022-09-15 04:30:00,91.1029
2022-09-15 05:00:00,92.0015
2022-09-15 05:30:00,92.9028
2022-09-15 06:00:00,93.9229
2022-09-15 06:30:00,94.8736
2022-09-15 07:00:00,95.5943
2022-09-15 07:30:00,78.3102
2022-09-15 08:00:00,71.3143
2022-09-15 08:30:00,63.8899
2022-09-15 09:00:00,65.535
2022-09-15 09:30:00,61.1251
2022-09-15 10:00:00,57.562
2022-09-15 10:30:00,54.7811
2022-09-15 11:00:00,56.222
2022-09-15 11:30:00,55.9723
2022-09-15 12:00:00,54.2264
2022-09-15 12:30:00,55.7751
2022-09-15 13:00:00,54.8556
2022-09-15 13:30:00,53.2113
